{"recovered":4394639,"total_cases":4771372,"tests_ratio":26.826665370044505,"recovery_ratio":0.9210430458995861,"tested":128000000,"deaths":108588,"death_ratio":0.022758233900018694}