{"recovered":117034744,"total_cases":142576527,"tests_ratio":13.030200160507487,"recovery_ratio":0.8208556237311069,"tested":1857800685,"deaths":3039908,"death_ratio":0.021321237541436257}